{"cameraMode":{"drawMode":0,"name":"Shaded","section":"Shading Mode"},"sceneLighting":true,"audioPlay":false,"sceneViewState":{"m_AlwaysRefresh":false,"showFog":true,"showSkybox":true,"showFlares":true,"showImageEffects":true,"showParticleSystems":true,"showVisualEffectGraphs":true,"m_FxEnabled":false},"in2DMode":false,"pivot":{"x":-0.4635932445526123,"y":3.6939384937286379,"z":-2.132211685180664},"rotation":{"x":0.05856119841337204,"y":-0.9379767775535584,"z":0.27969881892204287,"w":0.19639180600643159},"size":1.1561386585235596,"orthographic":false}